Date,Open,High,Low,Close,Volume
2026-10-02 12:40:00+00:00,1.32357,1.32378,1.32248,1.32261,538.0
2026-10-04 22:00:00+00:00,1.32389,1.32435,1.32389,1.32423,261.0
2026-10-04 22:05:00+00:00,1.32423,1.32453,1.32416,1.32447,100.0
2026-10-04 22:10:00+00:00,1.32448,1.32477,1.32446,1.32477,28.0
2026-10-04 22:10:01+00:00,1.32448,1.32448,1.32446,1.32448,8.0
2026-10-04 22:15:00+00:00,1.32474,1.32484,1.32472,1.32483,40.0
2026-10-04 22:15:01+00:00,1.32474,1.32476,1.32473,1.32474,16.0
2026-10-04 22:20:00+00:00,1.32483,1.32484,1.32467,1.32474,42.0
2026-10-04 22:25:00+00:00,1.32474,1.32485,1.32472,1.32484,17.0
2026-10-04 22:30:00+00:00,1.32484,1.32496,1.32482,1.32496,26.0
2026-10-04 22:35:00+00:00,1.32496,1.32496,1.32472,1.32473,34.0
2026-10-04 22:40:00+00:00,1.32473,1.32473,1.32471,1.32473,7.0
