opened_utc,symbol,side,bar_utc,primary_up,primary_down,meta_up,meta_down,ticket,entry_price,tp,sl,volume,equity_before,pnl_usd
2026-09-23T10:18:37.243964+00:00,USDJPY,BUY,2026-09-22T23:55:00+00:00,0.5994,0.5214,0.4067,0.364,3270286522,157.802,157.952,157.702,0.21,538.3400000001815,4.52
2026-09-23T10:20:47.121402+00:00,USDJPY,BUY,2026-09-22T23:55:00+00:00,0.5994,0.5214,0.4067,0.364,3270293432,157.798,157.948,157.698,0.06,118.34000000056346,2.62
2026-09-23T11:18:50.208161+00:00,USDJPY,BUY,2026-09-22T23:55:00+00:00,0.6148,0.5279,0.4533,0.3708,3270522973,157.907,158.057,157.807,0.2,1012.67,5.57
2026-09-23T20:41:04.759418+00:00,USDJPY,SELL,2026-09-23T20:40:00+00:00,0.2438,0.4849,0.9135,0.7394,3273726211,158.34,158.19,158.44,0.2,1018.24,-12.64
2026-09-23T20:44:51.492788+00:00,GBPUSD,SELL,2026-09-23T20:40:00+00:00,0.1838,0.4182,0.9267,0.784,3273732696,1.324,1.3225,1.325,0.1,518.2399999998863,-10.0
2026-09-24T00:02:55.463125+00:00,USDJPY,SELL,2026-09-24T00:00:00+00:00,0.5933,0.6208,0.3691,0.4952,3274047877,158.269,158.119,158.369,0.2,995.6,10.49
2026-09-24T00:18:51.043299+00:00,GBPUSD,BUY,2026-09-24T00:15:01+00:00,0.417,0.3717,0.8206,0.8367,3274086100,1.32332,1.32482,1.32232,0.01,-244.399999999668,-1.0
2026-09-24T01:04:51.576680+00:00,EURUSD,SELL,2026-09-24T01:00:00+00:00,0.4292,0.4004,0.8467,0.8855,3274205062,1.1377,1.1362,1.1387,0.2,1005.09,2.6
2026-09-24T01:22:50.658219+00:00,EURUSD,BUY,2026-09-24T01:20:00+00:00,0.4377,0.3584,0.8266,0.9118,3274256895,1.13788,1.13938,1.13688,0.2,1000.8900000000036,2.4
2026-09-24T02:06:52.497689+00:00,EURUSD,SELL,2026-09-24T02:05:00+00:00,0.4741,0.3292,0.7813,0.8735,3274395718,1.13712,1.13562,1.13812,0.2,1010.09,2.6
2026-09-24T02:23:27.556591+00:00,EURUSD,BUY,2026-09-24T02:20:00+00:00,0.3282,0.3304,0.9055,0.8828,3274441434,1.13742,1.13892,1.13642,0.2,1012.69,2.2
2026-09-24T03:10:57.896490+00:00,USDJPY,SELL,2026-09-24T03:10:00+00:00,0.4798,0.4641,0.7346,0.801,3274548821,157.905,157.755,158.005,0.2,1014.89,-12.66
2026-09-24T03:24:54.476340+00:00,USDJPY,BUY,2026-09-24T03:20:00+00:00,0.4461,0.4808,0.7695,0.7612,3274576532,157.97,158.12,157.87,0.01,-285.1099999999548,-0.63
2026-09-24T04:12:50.107536+00:00,USDJPY,SELL,2026-09-24T04:10:00+00:00,0.4733,0.4101,0.7557,0.8165,3274657556,157.98,157.83,158.08,0.2,1012.2299999999908,4.05
2026-09-24T04:26:51.988186+00:00,USDJPY,SELL,2026-09-24T04:25:00+00:00,0.451,0.3926,0.7662,0.7974,3274681368,158.023,157.873,158.123,0.01,-4.769999999948141,0.95
2026-09-24T05:14:50.095700+00:00,USDJPY,SELL,2026-09-24T05:10:00+00:00,0.5295,0.4938,0.3053,0.7652,3274778973,157.914,157.764,158.014,0.2,1006.6,-12.66
2026-09-24T05:28:50.310851+00:00,USDJPY,SELL,2026-09-24T05:25:00+00:00,0.5186,0.4626,0.3182,0.7673,3274816381,157.962,157.812,158.062,0.01,-153.39999999985446,-0.63
2026-09-25T00:01:32.981500+00:00,USDJPY,SELL,2026-09-25T00:00:00+00:00,0.5357,0.4899,0.3364,0.7789,3280354985,158.769,158.619,158.869,0.2,993.31,6.43
2026-09-25T00:06:50.772383+00:00,USDJPY,SELL,2026-09-25T00:05:00+00:00,0.5392,0.4765,0.3361,0.7777,3280366177,158.771,158.621,158.871,0.15,753.3099999999909,5.01
2026-09-25T01:04:50.740197+00:00,GBPUSD,SELL,2026-09-25T01:00:00+00:00,0.3282,0.4456,0.8309,0.7774,3280483515,1.32169,1.32019,1.32269,0.2,1004.75,2.2
2026-09-25T01:08:56.843446+00:00,USDJPY,SELL,2026-09-25T01:05:00+00:00,0.5146,0.4933,0.3146,0.7687,3280496905,158.668,158.518,158.768,0.2,1000.7500000000005,10.72
2026-09-25T02:06:53.918615+00:00,USDJPY,BUY,2026-09-25T02:05:00+00:00,0.6556,0.5351,0.4065,0.2775,3280620026,158.435,158.585,158.335,0.2,1017.67,-12.63
2026-09-25T02:10:53.009881+00:00,USDJPY,SELL,2026-09-25T02:10:00+00:00,0.6403,0.4895,0.3921,0.797,3280628149,158.419,158.269,158.519,0.2,1005.04,9.47
2026-09-25T03:08:50.823824+00:00,USDJPY,BUY,2026-09-25T03:05:00+00:00,0.6603,0.5241,0.4253,0.2734,3280730977,158.396,158.546,158.296,0.21,1465.040000000491,-13.27
2026-09-25T03:12:52.452063+00:00,USDJPY,SELL,2026-09-25T03:10:00+00:00,0.5675,0.4782,0.3311,0.7877,3280737287,158.418,158.268,158.518,0.26,1287.0400000006928,7.72
2026-09-25T04:10:53.835602+00:00,USDJPY,SELL,2026-09-25T04:10:00+00:00,0.557,0.4172,0.3231,0.7942,3280832140,158.307,158.157,158.407,0.2,1008.96,-12.63
2026-09-25T04:14:50.292036+00:00,USDJPY,SELL,2026-09-25T04:10:00+00:00,0.5774,0.4795,0.3449,0.7619,3280838951,158.335,158.185,158.435,0.05,268.9600000004457,-3.16
2026-09-27T21:08:53.360635+00:00,USDJPY,SELL,2026-09-25T20:55:00+00:00,0.3309,0.4901,0.8563,0.7234,3287706827,157.198,157.048,157.298,0.2,993.17,-16.42
2026-09-27T22:38:43.811554+00:00,USDJPY,SELL,2026-09-25T20:55:00+00:00,0.3314,0.4864,0.8655,0.7207,3288014754,157.603,157.453,157.703,0.2,976.75,10.79
2026-09-27T23:38:49.444685+00:00,EURUSD,BUY,2026-09-27T23:35:00+00:00,0.457,0.2964,0.8075,0.9313,3288184559,1.13745,1.13895,1.13645,0.11,556.7500000002683,0.99
2026-09-28T00:01:04.379303+00:00,EURUSD,BUY,2026-09-28T00:00:00+00:00,0.4479,0.3504,0.7931,0.8771,3288236231,1.13789,1.13939,1.13689,0.2,988.53,11.6
2026-09-28T01:02:42.195887+00:00,EURUSD,SELL,2026-09-28T01:00:00+00:00,0.3807,0.4253,0.8598,0.8711,3288505761,1.13841,1.13691,1.13941,0.2,1000.13,12.0
2026-09-28T02:10:54.429233+00:00,USDJPY,SELL,2026-09-28T02:10:00+00:00,0.4851,0.4526,0.7218,0.8076,3288763931,157.71,157.56,157.81,0.2,989.9300000000044,-12.67
2026-09-28T03:12:59.240776+00:00,USDJPY,BUY,2026-09-28T03:10:00+00:00,0.4469,0.4436,0.7937,0.7735,3288906218,157.751,157.901,157.651,0.03,166.7300000000646,-1.9
2026-09-28T04:14:49.186562+00:00,USDJPY,BUY,2026-09-28T04:10:00+00:00,0.4632,0.3918,0.7723,0.8065,3289037328,157.751,157.901,157.651,0.19,947.4600000000283,-12.05
2026-09-28T05:16:48.739463+00:00,USDJPY,BUY,2026-09-28T05:15:00+00:00,0.4958,0.3915,0.7235,0.7951,3289163506,157.763,157.913,157.663,0.19,967.5100000000008,-12.05
2026-09-28T09:57:59.841324+00:00,GBPUSD,SELL,2026-09-28T09:55:00+00:00,0.5129,0.483,0.2669,0.7336,3290656969,1.32571,1.32421,1.32671,0.19,973.46,-19.0
2026-09-28T09:58:52.900492+00:00,EURUSD,BUY,2026-09-28T09:55:00+00:00,0.4486,0.4319,0.7893,0.8477,3290660943,1.13746,1.13896,1.13646,0.19,970.0400000000028,-19.0
2026-09-28T10:58:49.036819+00:00,EURUSD,SELL,2026-09-28T10:55:00+00:00,0.3999,0.4775,0.8616,0.8372,3290981590,1.13729,1.13579,1.13829,0.19,966.4300000000004,4.5600000000000005
2026-09-28T11:00:52.125285+00:00,EURUSD,SELL,2026-09-28T11:00:01+00:00,0.4077,0.4603,0.8506,0.8373,3290994435,1.13719,1.13569,1.13819,0.19,969.0900000000008,3.23
2026-09-28T12:00:56.484456+00:00,EURUSD,BUY,2026-09-28T12:00:00+00:00,0.4447,0.427,0.8195,0.8504,3291353821,1.13753,1.13903,1.13653,0.19,943.6300000000008,-19.0
2026-09-28T12:02:50.566972+00:00,EURUSD,SELL,2026-09-28T12:00:00+00:00,0.501,0.4985,0.2307,0.7965,3291367088,1.13728,1.13578,1.13828,0.19,941.7300000000052,3.99
2026-09-28T12:46:46.777936+00:00,USDJPY,SELL,2026-09-28T12:45:00+00:00,0.6366,0.6787,0.3814,0.4657,3291800055,157.185,156.9922,157.285,0.19,945.9099999999934,12.7
2026-09-28T12:50:55.459764+00:00,EURUSD,SELL,2026-09-28T12:50:00+00:00,0.4598,0.441,0.7797,0.8538,3291834693,1.13689,1.13539,1.13789,0.01,70.0100000001446,0.27
2026-09-28T13:06:53.519501+00:00,EURUSD,SELL,2026-09-28T13:05:00+00:00,0.5206,0.501,0.2197,0.3893,3291977206,1.1365,1.135,1.1375,0.01,-2.450000000124988,
2026-09-28T13:11:03.408366+00:00,EURUSD,SELL,2026-09-28T13:10:00+00:00,0.5088,0.4959,0.2092,0.8062,3292000686,1.13634,1.13484,1.13734,0.01,-2.210000000124978,
2026-09-28T13:48:56.717843+00:00,USDJPY,BUY,2026-09-28T13:45:00+00:00,0.6429,0.5921,0.4025,0.3152,3292353458,157.075,157.225,156.975,0.19,940.1900000000004,14.5
2026-09-28T14:06:50.277443+00:00,GBPUSD,BUY,2026-09-28T14:05:00+00:00,0.4882,0.5811,0.6675,0.3276,3292528469,1.32659,1.32809,1.32559,0.19,956.1700000000002,16.34
2026-09-28T14:10:56.380042+00:00,GBPUSD,BUY,2026-09-28T14:10:00+00:00,0.4732,0.5551,0.7206,0.2808,3292565508,1.32683,1.32833,1.32583,0.19,958.0099999999964,10.64
2026-09-28T14:21:01.559392+00:00,GBPUSD,BUY,2026-09-28T14:20:01+00:00,0.4748,0.5374,0.7,0.2627,3292637942,1.32655,1.32805,1.32555,0.2,982.4900000000004,-20.0
2026-09-28T14:58:52.405969+00:00,EURUSD,SELL,2026-09-28T14:55:00+00:00,0.6089,0.6833,0.2937,0.3858,3293013329,1.13636,1.13486,1.13736,0.19,962.6900000000004,
2026-09-28T15:10:55.341316+00:00,EURUSD,BUY,2026-09-28T15:10:01+00:00,0.4568,0.5919,0.8344,0.2406,3293100354,1.13657,1.13807,1.13557,0.19,958.3999999999992,7.6
2026-09-28T15:16:51.860877+00:00,EURUSD,BUY,2026-09-28T15:15:00+00:00,0.477,0.5848,0.8299,0.2411,3293134911,1.13673,1.13823,1.13573,0.19,956.559999999998,
